Day_of_Week,Age_of_Driver,Sex,Educational_Level,Vehicle_Driver,Driving_Experience,Speed_Limit,Weather,Road_Light_Conditions,Road_Surface_Conditions,Cause_of_Accident,Accident_Severity
Sunday,39,Female,Illiterate,Taxi,11,60,Clear,Night,Snow,Drunk Driving,Serious Injury
Tuesday,31,Female,Illiterate,Lorry,20,70,Cloudy,Night,Snow,Weather,Serious Injury
Wednesday,24,Male,Primary,Taxi,7,50,Clear,Twilight,Snow,Weather,Slight Injury
Monday,54,Male,Primary,Bus,18,50,Clear,Daylight,Dry,Overspeed,Slight Injury
Friday,39,Male,Primary,Taxi,2,60,Clear,Night,Snow,Drunk Driving,Serious Injury
Friday,22,Female,Tertiary,Motorcycle,17,30,Clear,Daylight,Snow,Distracted,Slight Injury
Thursday,19,Male,Tertiary,Automobile,20,50,Rain,Night,Wet,Mechanical Failure,Serious Injury
Tuesday,44,Female,Secondary,Bus,18,70,Cloudy,Night,Snow,Fatigue,Serious Injury
Monday,38,Male,Primary,Bus,18,80,Clear,Twilight,Snow,Distracted,Serious Injury
Tuesday,55,Female,Tertiary,Motorcycle,14,30,Cloudy,Twilight,Dry,Drunk Driving,Slight Injury
Monday,32,Male,Illiterate,Taxi,5,30,Fog,Daylight,Ice,Overspeed,Serious Injury
Thursday,38,Male,Illiterate,Automobile,15,30,Clear,Twilight,Dry,Fatigue,Slight Injury
Thursday,27,Male,Primary,Bus,7,50,Cloudy,Night,Wet,Mechanical Failure,Slight Injury
Friday,40,Female,Secondary,Automobile,15,30,Rain,Night,Snow,Weather,Slight Injury
Tuesday,56,Female,Secondary,Bus,17,60,Cloudy,Daylight,Snow,Weather,Slight Injury
Saturday,22,Male,Illiterate,Taxi,19,30,Clear,Daylight,Snow,Distracted,Slight Injury
Friday,18,Male,Secondary,Bus,15,70,Fog,Night,Snow,Mechanical Failure,Serious Injury
Tuesday,30,Male,Primary,Bus,10,40,Cloudy,Twilight,Snow,Drunk Driving,Serious Injury
Friday,38,Female,Illiterate,Lorry,6,70,Fog,Twilight,Snow,Mechanical Failure,Serious Injury
Saturday,43,Male,Tertiary,Taxi,16,50,Rain,Daylight,Wet,Overspeed,Serious Injury
Wednesday,67,Male,Tertiary,Motorcycle,16,30,Cloudy,Daylight,Snow,Distracted,Slight Injury
Wednesday,62,Male,Secondary,Motorcycle,11,30,Cloudy,Night,Snow,Distracted,Slight Injury
Wednesday,38,Male,Illiterate,Taxi,12,60,Rain,Night,Snow,Overspeed,Serious Injury
Wednesday,35,Female,Illiterate,Motorcycle,9,80,Rain,Daylight,Wet,Mechanical Failure,Serious Injury
Sunday,54,Female,Tertiary,Taxi,6,30,Rain,Night,Snow,Overspeed,Serious Injury
Monday,62,Male,Illiterate,Motorcycle,13,100,Clear,Daylight,Wet,Fatigue,Serious Injury
Sunday,49,Male,Illiterate,Lorry,22,70,Clear,Daylight,Dry,Overspeed,Serious Injury
Sunday,53,Female,Illiterate,Motorcycle,0,50,Cloudy,Twilight,Snow,Mechanical Failure,Serious Injury
Sunday,34,Female,Secondary,Bus,16,40,Cloudy,Daylight,Ice,Overspeed,Serious Injury
Wednesday,52,Male,Illiterate,Taxi,3,30,Cloudy,Night,Wet,Drunk Driving,Serious Injury
Saturday,66,Female,Primary,Automobile,20,40,Fog,Twilight,Dry,Weather,Slight Injury
Thursday,28,Female,Secondary,Automobile,4,30,Rain,Twilight,Wet,Overspeed,Serious Injury
Thursday,38,Male,Illiterate,Taxi,19,50,Cloudy,Night,Wet,Weather,Slight Injury
Monday,69,Female,Illiterate,Lorry,23,80,Rain,Night,Dry,Overspeed,Serious Injury
Wednesday,43,Female,Primary,Motorcycle,22,70,Clear,Night,Snow,Mechanical Failure,Serious Injury
Wednesday,21,Male,Secondary,Lorry,24,50,Rain,Daylight,Snow,Fatigue,Serious Injury
Wednesday,51,Male,Tertiary,Automobile,6,40,Fog,Twilight,Wet,Fatigue,Slight Injury
Friday,69,Female,Tertiary,Taxi,9,30,Fog,Daylight,Dry,Weather,Slight Injury
Tuesday,65,Male,Secondary,Taxi,16,40,Rain,Daylight,Snow,Mechanical Failure,Slight Injury
Friday,35,Female,Illiterate,Lorry,28,70,Fog,Daylight,Wet,Mechanical Failure,Serious Injury
Tuesday,57,Male,Illiterate,Lorry,29,100,Fog,Daylight,Ice,Mechanical Failure,Serious Injury
Wednesday,52,Female,Tertiary,Motorcycle,6,50,Clear,Twilight,Dry,Drunk Driving,Slight Injury
Wednesday,58,Male,Tertiary,Bus,0,40,Cloudy,Twilight,Ice,Distracted,Serious Injury
Friday,46,Female,Tertiary,Bus,6,40,Fog,Daylight,Ice,Overspeed,Serious Injury
Friday,69,Female,Primary,Motorcycle,25,70,Cloudy,Night,Wet,Mechanical Failure,Serious Injury
Tuesday,46,Female,Tertiary,Bus,23,100,Rain,Twilight,Dry,Mechanical Failure,Serious Injury
Thursday,55,Male,Primary,Automobile,10,30,Rain,Daylight,Snow,Mechanical Failure,Slight Injury
Tuesday,59,Male,Secondary,Bus,8,100,Fog,Night,Snow,Fatigue,Serious Injury
Friday,38,Female,Illiterate,Motorcycle,11,40,Rain,Night,Wet,Mechanical Failure,Slight Injury
Saturday,59,Female,Tertiary,Bus,2,70,Clear,Daylight,Snow,Overspeed,Fatal Injury
Friday,30,Male,Illiterate,Taxi,3,30,Fog,Twilight,Snow,Mechanical Failure,Slight Injury
Saturday,66,Male,Illiterate,Lorry,3,100,Fog,Night,Ice,Overspeed,Fatal Injury
Monday,58,Male,Tertiary,Automobile,27,100,Fog,Twilight,Ice,Drunk Driving,Fatal Injury
Friday,34,Male,Tertiary,Taxi,24,100,Rain,Twilight,Dry,Distracted,Serious Injury
Monday,26,Male,Secondary,Taxi,12,80,Rain,Night,Ice,Fatigue,Serious Injury
Thursday,58,Male,Primary,Motorcycle,22,30,Fog,Daylight,Snow,Overspeed,Serious Injury
Tuesday,18,Female,Primary,Lorry,18,100,Cloudy,Night,Dry,Weather,Serious Injury
Saturday,19,Male,Illiterate,Lorry,9,80,Rain,Night,Dry,Drunk Driving,Fatal Injury
Tuesday,65,Female,Tertiary,Automobile,4,50,Rain,Twilight,Wet,Distracted,Slight Injury
Monday,46,Male,Secondary,Motorcycle,6,70,Fog,Daylight,Ice,Distracted,Serious Injury
Saturday,50,Male,Secondary,Automobile,23,100,Cloudy,Twilight,Dry,Distracted,Slight Injury
Tuesday,27,Female,Secondary,Bus,15,30,Fog,Night,Snow,Overspeed,Serious Injury
Friday,67,Female,Secondary,Taxi,0,80,Rain,Daylight,Dry,Drunk Driving,Fatal Injury
Wednesday,57,Male,Secondary,Automobile,11,80,Fog,Daylight,Dry,Mechanical Failure,Serious Injury
Monday,38,Female,Primary,Taxi,1,50,Fog,Daylight,Wet,Weather,Serious Injury
Tuesday,45,Female,Primary,Motorcycle,6,60,Fog,Daylight,Snow,Drunk Driving,Serious Injury
Monday,28,Female,Primary,Bus,10,70,Cloudy,Daylight,Snow,Drunk Driving,Serious Injury
Sunday,51,Female,Tertiary,Motorcycle,28,60,Fog,Night,Ice,Drunk Driving,Serious Injury
Monday,25,Male,Illiterate,Bus,29,30,Rain,Night,Snow,Overspeed,Serious Injury
Saturday,39,Female,Secondary,Bus,12,70,Fog,Night,Dry,Weather,Serious Injury
Sunday,25,Male,Tertiary,Taxi,1,50,Cloudy,Twilight,Snow,Overspeed,Serious Injury
Saturday,66,Male,Secondary,Motorcycle,6,30,Clear,Daylight,Snow,Weather,Slight Injury
Wednesday,32,Male,Primary,Motorcycle,14,70,Cloudy,Daylight,Dry,Weather,Slight Injury
Sunday,34,Male,Tertiary,Automobile,24,70,Fog,Night,Wet,Overspeed,Fatal Injury
Friday,40,Female,Primary,Motorcycle,10,60,Clear,Daylight,Ice,Weather,Slight Injury
Monday,41,Female,Secondary,Automobile,1,30,Fog,Twilight,Ice,Drunk Driving,Fatal Injury
Tuesday,62,Male,Secondary,Lorry,6,50,Cloudy,Daylight,Wet,Overspeed,Serious Injury
Thursday,36,Male,Illiterate,Lorry,3,50,Clear,Daylight,Dry,Weather,Slight Injury
Monday,22,Male,Secondary,Lorry,10,30,Clear,Twilight,Ice,Distracted,Slight Injury
Monday,49,Male,Primary,Motorcycle,28,30,Fog,Night,Wet,Overspeed,Serious Injury
Wednesday,61,Female,Secondary,Motorcycle,1,80,Fog,Night,Wet,Fatigue,Fatal Injury
Friday,18,Male,Illiterate,Automobile,28,40,Cloudy,Daylight,Wet,Overspeed,Serious Injury
Thursday,40,Female,Illiterate,Bus,15,60,Fog,Twilight,Ice,Overspeed,Serious Injury
Sunday,54,Male,Primary,Automobile,6,30,Clear,Night,Ice,Overspeed,Serious Injury
Sunday,25,Male,Tertiary,Lorry,12,30,Rain,Night,Ice,Weather,Slight Injury
Sunday,30,Male,Secondary,Automobile,4,40,Rain,Night,Ice,Overspeed,Serious Injury
Saturday,25,Male,Illiterate,Bus,16,40,Cloudy,Daylight,Snow,Fatigue,Slight Injury
Saturday,40,Female,Secondary,Motorcycle,20,70,Fog,Twilight,Wet,Mechanical Failure,Serious Injury
Tuesday,60,Female,Secondary,Automobile,11,100,Cloudy,Daylight,Snow,Overspeed,Serious Injury
Thursday,18,Female,Tertiary,Lorry,27,50,Rain,Night,Wet,Distracted,Serious Injury
Sunday,62,Male,Illiterate,Lorry,18,60,Rain,Twilight,Ice,Fatigue,Slight Injury
Saturday,68,Male,Secondary,Motorcycle,6,70,Fog,Daylight,Ice,Mechanical Failure,Serious Injury
Tuesday,41,Female,Illiterate,Automobile,5,30,Clear,Night,Snow,Weather,Slight Injury
Friday,52,Female,Primary,Bus,7,40,Fog,Night,Dry,Overspeed,Serious Injury
Tuesday,41,Male,Primary,Motorcycle,12,80,Rain,Daylight,Ice,Mechanical Failure,Serious Injury
Saturday,34,Male,Secondary,Automobile,4,50,Clear,Night,Dry,Distracted,Slight Injury
Wednesday,22,Female,Illiterate,Taxi,1,70,Cloudy,Night,Wet,Fatigue,Fatal Injury
Wednesday,37,Male,Secondary,Lorry,8,80,Rain,Twilight,Snow,Fatigue,Serious Injury
Sunday,38,Male,Illiterate,Bus,29,50,Cloudy,Night,Dry,Weather,Slight Injury
Wednesday,57,Female,Illiterate,Bus,10,100,Clear,Daylight,Dry,Weather,Slight Injury
Sunday,48,Male,Tertiary,Bus,23,100,Cloudy,Twilight,Ice,Weather,Serious Injury
Sunday,63,Female,Tertiary,Lorry,5,80,Rain,Daylight,Dry,Mechanical Failure,Serious Injury
Saturday,53,Male,Tertiary,Automobile,28,40,Fog,Night,Dry,Overspeed,Serious Injury
Wednesday,28,Female,Secondary,Motorcycle,25,70,Cloudy,Twilight,Wet,Drunk Driving,Serious Injury
Sunday,69,Male,Tertiary,Automobile,6,70,Rain,Twilight,Snow,Fatigue,Serious Injury
Thursday,32,Female,Tertiary,Motorcycle,24,100,Rain,Twilight,Ice,Drunk Driving,Fatal Injury
Friday,36,Female,Primary,Bus,6,50,Clear,Twilight,Ice,Fatigue,Slight Injury
Tuesday,24,Female,Illiterate,Automobile,18,80,Rain,Daylight,Dry,Weather,Serious Injury
Tuesday,68,Female,Illiterate,Bus,5,40,Fog,Night,Wet,Overspeed,Serious Injury
Saturday,45,Male,Tertiary,Taxi,10,30,Fog,Night,Dry,Overspeed,Serious Injury
Wednesday,68,Male,Illiterate,Bus,28,70,Cloudy,Twilight,Dry,Fatigue,Slight Injury
Wednesday,60,Female,Primary,Bus,10,30,Cloudy,Night,Ice,Mechanical Failure,Slight Injury
Sunday,22,Male,Primary,Motorcycle,6,40,Cloudy,Daylight,Dry,Weather,Slight Injury
Monday,22,Male,Tertiary,Taxi,1,100,Cloudy,Night,Dry,Overspeed,Fatal Injury
Sunday,47,Male,Primary,Bus,18,70,Fog,Daylight,Wet,Overspeed,Fatal Injury
Friday,49,Male,Illiterate,Bus,3,70,Clear,Daylight,Ice,Distracted,Serious Injury
Thursday,25,Male,Secondary,Taxi,25,80,Cloudy,Night,Snow,Overspeed,Serious Injury
Tuesday,27,Female,Illiterate,Taxi,5,30,Clear,Daylight,Wet,Distracted,Slight Injury
Sunday,55,Female,Secondary,Automobile,16,100,Rain,Daylight,Wet,Overspeed,Fatal Injury
Monday,64,Female,Tertiary,Motorcycle,24,80,Rain,Daylight,Wet,Overspeed,Fatal Injury
Monday,49,Female,Secondary,Taxi,4,60,Cloudy,Daylight,Ice,Mechanical Failure,Slight Injury
Sunday,65,Male,Primary,Taxi,28,30,Rain,Twilight,Dry,Mechanical Failure,Slight Injury
Saturday,45,Male,Illiterate,Lorry,27,30,Clear,Night,Snow,Weather,Slight Injury
Tuesday,34,Female,Secondary,Taxi,29,60,Clear,Twilight,Ice,Overspeed,Serious Injury
Saturday,48,Male,Illiterate,Motorcycle,6,40,Rain,Daylight,Dry,Weather,Slight Injury
Thursday,25,Male,Tertiary,Bus,8,40,Cloudy,Night,Wet,Weather,Slight Injury
Monday,57,Female,Tertiary,Bus,24,70,Clear,Daylight,Ice,Weather,Serious Injury
Monday,42,Male,Primary,Bus,0,50,Clear,Night,Dry,Weather,Slight Injury
Friday,26,Female,Tertiary,Bus,0,80,Fog,Twilight,Snow,Fatigue,Fatal Injury
Thursday,19,Female,Secondary,Lorry,18,50,Cloudy,Night,Snow,Fatigue,Slight Injury
Monday,32,Male,Tertiary,Taxi,5,70,Fog,Daylight,Dry,Overspeed,Serious Injury
Thursday,67,Male,Primary,Bus,17,50,Rain,Night,Ice,Fatigue,Slight Injury
Tuesday,20,Female,Illiterate,Automobile,9,30,Rain,Night,Wet,Overspeed,Serious Injury
Wednesday,66,Female,Illiterate,Bus,27,30,Fog,Twilight,Dry,Mechanical Failure,Slight Injury
Monday,53,Male,Tertiary,Taxi,10,60,Cloudy,Daylight,Wet,Drunk Driving,Serious Injury
Friday,21,Female,Secondary,Bus,0,60,Clear,Night,Snow,Distracted,Serious Injury
Tuesday,31,Female,Primary,Lorry,0,70,Rain,Twilight,Dry,Fatigue,Serious Injury
Sunday,58,Female,Secondary,Motorcycle,12,70,Cloudy,Night,Snow,Fatigue,Serious Injury
Thursday,58,Male,Primary,Motorcycle,4,100,Cloudy,Daylight,Wet,Mechanical Failure,Serious Injury
Sunday,42,Female,Tertiary,Taxi,19,70,Rain,Night,Wet,Fatigue,Serious Injury
Saturday,67,Male,Primary,Motorcycle,0,30,Rain,Night,Dry,Overspeed,Serious Injury
Tuesday,27,Female,Primary,Motorcycle,19,50,Cloudy,Night,Dry,Overspeed,Slight Injury
Sunday,38,Male,Tertiary,Automobile,2,80,Clear,Night,Dry,Drunk Driving,Fatal Injury
Monday,53,Female,Secondary,Taxi,17,100,Fog,Daylight,Snow,Drunk Driving,Fatal Injury
Thursday,29,Male,Tertiary,Taxi,8,100,Rain,Twilight,Wet,Drunk Driving,Fatal Injury
Wednesday,44,Male,Primary,Motorcycle,13,100,Fog,Twilight,Wet,Overspeed,Fatal Injury
Tuesday,57,Male,Tertiary,Motorcycle,26,70,Cloudy,Night,Snow,Weather,Serious Injury
Monday,19,Female,Primary,Motorcycle,16,70,Fog,Daylight,Dry,Weather,Serious Injury
Friday,30,Female,Tertiary,Lorry,22,30,Clear,Daylight,Ice,Drunk Driving,Serious Injury
Saturday,49,Female,Illiterate,Bus,13,80,Cloudy,Daylight,Dry,Drunk Driving,Serious Injury
Thursday,48,Male,Illiterate,Lorry,28,30,Clear,Daylight,Ice,Overspeed,Serious Injury
Tuesday,33,Female,Tertiary,Taxi,3,80,Cloudy,Daylight,Ice,Mechanical Failure,Serious Injury
Tuesday,49,Male,Secondary,Automobile,4,30,Clear,Daylight,Snow,Fatigue,Slight Injury
Wednesday,49,Female,Primary,Bus,25,50,Cloudy,Night,Wet,Distracted,Slight Injury
Wednesday,51,Male,Illiterate,Automobile,20,70,Clear,Twilight,Wet,Weather,Serious Injury
Friday,28,Male,Secondary,Taxi,16,40,Cloudy,Twilight,Wet,Weather,Slight Injury
Saturday,27,Male,Primary,Taxi,21,40,Clear,Night,Wet,Overspeed,Serious Injury
Friday,32,Female,Illiterate,Automobile,28,70,Cloudy,Twilight,Snow,Overspeed,Serious Injury
Monday,34,Female,Illiterate,Automobile,24,100,Clear,Daylight,Ice,Distracted,Serious Injury
Monday,57,Female,Tertiary,Automobile,1,70,Rain,Daylight,Wet,Distracted,Fatal Injury
Friday,35,Male,Primary,Taxi,22,70,Fog,Twilight,Ice,Drunk Driving,Fatal Injury
Saturday,26,Male,Secondary,Motorcycle,21,70,Cloudy,Daylight,Snow,Distracted,Serious Injury
Friday,42,Female,Secondary,Automobile,4,100,Clear,Daylight,Dry,Fatigue,Slight Injury
Saturday,57,Female,Secondary,Bus,3,80,Rain,Twilight,Snow,Fatigue,Serious Injury
Saturday,31,Female,Primary,Taxi,3,50,Cloudy,Night,Wet,Weather,Slight Injury
Sunday,42,Male,Secondary,Lorry,5,40,Cloudy,Twilight,Dry,Fatigue,Slight Injury
Thursday,67,Male,Secondary,Lorry,19,60,Cloudy,Twilight,Snow,Fatigue,Slight Injury
Saturday,39,Male,Secondary,Bus,20,40,Fog,Twilight,Snow,Fatigue,Slight Injury
Wednesday,69,Male,Tertiary,Motorcycle,12,40,Clear,Twilight,Ice,Drunk Driving,Serious Injury
Saturday,47,Male,Tertiary,Automobile,21,100,Clear,Night,Snow,Weather,Serious Injury
Saturday,37,Female,Primary,Taxi,4,30,Cloudy,Night,Dry,Overspeed,Slight Injury
Saturday,38,Male,Primary,Automobile,22,70,Cloudy,Daylight,Snow,Weather,Serious Injury
Sunday,61,Male,Secondary,Taxi,24,70,Cloudy,Daylight,Wet,Weather,Serious Injury
Sunday,49,Male,Tertiary,Lorry,25,70,Rain,Twilight,Ice,Weather,Serious Injury
Monday,68,Male,Illiterate,Automobile,22,30,Cloudy,Daylight,Dry,Distracted,Slight Injury
Sunday,63,Male,Illiterate,Bus,6,100,Fog,Night,Dry,Overspeed,Serious Injury
Wednesday,66,Female,Secondary,Motorcycle,19,50,Clear,Daylight,Snow,Distracted,Slight Injury
Wednesday,38,Male,Secondary,Bus,0,50,Fog,Daylight,Wet,Drunk Driving,Fatal Injury
Sunday,52,Male,Tertiary,Motorcycle,13,100,Cloudy,Daylight,Ice,Drunk Driving,Serious Injury
Friday,49,Male,Tertiary,Automobile,23,60,Rain,Twilight,Dry,Mechanical Failure,Slight Injury
Thursday,47,Female,Tertiary,Automobile,3,50,Cloudy,Daylight,Ice,Mechanical Failure,Slight Injury
Sunday,56,Female,Primary,Motorcycle,16,100,Cloudy,Night,Snow,Drunk Driving,Serious Injury
Saturday,66,Female,Primary,Lorry,20,50,Cloudy,Night,Wet,Drunk Driving,Serious Injury
Tuesday,29,Male,Secondary,Taxi,13,70,Cloudy,Night,Snow,Distracted,Serious Injury
Thursday,58,Female,Primary,Bus,15,80,Cloudy,Night,Ice,Drunk Driving,Serious Injury
Thursday,64,Male,Tertiary,Bus,13,100,Clear,Daylight,Snow,Overspeed,Serious Injury
Wednesday,35,Male,Tertiary,Bus,15,40,Fog,Twilight,Ice,Distracted,Slight Injury
Thursday,38,Female,Primary,Automobile,23,50,Rain,Night,Dry,Drunk Driving,Serious Injury
Sunday,30,Male,Illiterate,Bus,19,50,Cloudy,Night,Dry,Distracted,Slight Injury
Saturday,38,Male,Secondary,Taxi,28,30,Rain,Twilight,Snow,Distracted,Slight Injury
Saturday,25,Male,Illiterate,Taxi,27,60,Clear,Twilight,Dry,Fatigue,Slight Injury
Monday,63,Female,Secondary,Motorcycle,7,80,Fog,Night,Ice,Mechanical Failure,Serious Injury
Saturday,57,Male,Illiterate,Automobile,23,30,Cloudy,Night,Dry,Distracted,Slight Injury
Saturday,63,Male,Primary,Taxi,2,70,Clear,Twilight,Wet,Weather,Serious Injury
Wednesday,24,Female,Secondary,Lorry,24,40,Clear,Night,Wet,Distracted,Slight Injury
Saturday,40,Male,Secondary,Automobile,18,60,Fog,Night,Snow,Weather,Slight Injury
Monday,61,Male,Secondary,Automobile,0,30,Cloudy,Daylight,Snow,Fatigue,Serious Injury
Tuesday,49,Female,Tertiary,Taxi,1,100,Fog,Twilight,Snow,Drunk Driving,Fatal Injury
Sunday,28,Male,Tertiary,Lorry,14,50,Fog,Daylight,Snow,Distracted,Slight Injury
Wednesday,39,Male,Illiterate,Motorcycle,21,50,Rain,Daylight,Ice,Fatigue,Slight Injury
Tuesday,39,Male,Primary,Taxi,27,60,Rain,Twilight,Ice,Overspeed,Serious Injury
Wednesday,60,Male,Tertiary,Lorry,9,50,Fog,Daylight,Wet,Fatigue,Slight Injury
Friday,42,Male,Secondary,Automobile,17,100,Rain,Night,Ice,Mechanical Failure,Serious Injury
Thursday,39,Female,Tertiary,Lorry,21,30,Clear,Daylight,Dry,Mechanical Failure,Slight Injury
Friday,45,Female,Primary,Automobile,13,30,Fog,Twilight,Wet,Drunk Driving,Serious Injury
Saturday,46,Female,Tertiary,Taxi,16,50,Cloudy,Night,Snow,Weather,Slight Injury
Tuesday,30,Female,Secondary,Taxi,26,50,Cloudy,Night,Snow,Drunk Driving,Serious Injury
Saturday,35,Male,Illiterate,Bus,12,70,Clear,Night,Ice,Weather,Serious Injury
Thursday,19,Male,Secondary,Bus,0,40,Cloudy,Night,Wet,Weather,Serious Injury
Wednesday,46,Male,Primary,Bus,4,60,Cloudy,Daylight,Ice,Weather,Slight Injury
Thursday,38,Male,Illiterate,Taxi,25,30,Fog,Daylight,Ice,Weather,Slight Injury
Monday,32,Male,Tertiary,Motorcycle,12,60,Clear,Night,Ice,Mechanical Failure,Slight Injury
Thursday,69,Female,Tertiary,Taxi,26,70,Fog,Twilight,Wet,Mechanical Failure,Serious Injury
Monday,44,Female,Tertiary,Lorry,24,30,Clear,Night,Snow,Distracted,Slight Injury
Thursday,67,Male,Illiterate,Taxi,13,70,Fog,Daylight,Dry,Mechanical Failure,Serious Injury
Sunday,48,Male,Secondary,Taxi,23,70,Fog,Night,Snow,Drunk Driving,Fatal Injury
Monday,32,Male,Illiterate,Automobile,2,80,Rain,Daylight,Wet,Mechanical Failure,Fatal Injury
Tuesday,68,Female,Illiterate,Automobile,14,50,Cloudy,Night,Snow,Drunk Driving,Serious Injury
Saturday,40,Male,Primary,Automobile,18,100,Clear,Twilight,Snow,Overspeed,Serious Injury
Saturday,41,Male,Illiterate,Taxi,16,80,Cloudy,Night,Dry,Mechanical Failure,Slight Injury
Friday,61,Male,Tertiary,Motorcycle,29,60,Rain,Twilight,Snow,Drunk Driving,Serious Injury
Saturday,30,Female,Secondary,Lorry,2,100,Clear,Twilight,Snow,Weather,Serious Injury
Wednesday,39,Male,Secondary,Lorry,15,60,Rain,Night,Snow,Fatigue,Slight Injury
Sunday,60,Female,Secondary,Motorcycle,13,50,Cloudy,Twilight,Ice,Weather,Slight Injury
Thursday,54,Female,Tertiary,Motorcycle,11,100,Fog,Twilight,Wet,Distracted,Serious Injury
Friday,50,Female,Tertiary,Lorry,27,80,Rain,Daylight,Wet,Drunk Driving,Fatal Injury
Wednesday,20,Female,Tertiary,Bus,11,60,Rain,Daylight,Dry,Weather,Slight Injury
Wednesday,36,Female,Tertiary,Automobile,28,80,Fog,Twilight,Ice,Mechanical Failure,Serious Injury
Monday,40,Female,Tertiary,Automobile,10,50,Cloudy,Night,Ice,Mechanical Failure,Slight Injury
Saturday,46,Male,Illiterate,Lorry,16,100,Rain,Twilight,Snow,Overspeed,Fatal Injury
Tuesday,47,Male,Tertiary,Motorcycle,7,100,Cloudy,Night,Wet,Fatigue,Serious Injury
Tuesday,56,Male,Tertiary,Bus,16,30,Fog,Daylight,Dry,Drunk Driving,Serious Injury
Friday,61,Female,Tertiary,Lorry,20,70,Clear,Night,Ice,Weather,Serious Injury
Sunday,64,Male,Tertiary,Automobile,24,70,Rain,Twilight,Snow,Fatigue,Serious Injury
Tuesday,42,Female,Secondary,Taxi,22,80,Cloudy,Twilight,Dry,Overspeed,Serious Injury
Thursday,54,Female,Tertiary,Motorcycle,19,100,Fog,Twilight,Ice,Distracted,Serious Injury
Tuesday,64,Female,Illiterate,Taxi,10,60,Fog,Twilight,Dry,Fatigue,Slight Injury
Friday,25,Male,Illiterate,Lorry,24,80,Rain,Twilight,Ice,Overspeed,Fatal Injury
Tuesday,59,Female,Illiterate,Automobile,24,80,Clear,Night,Dry,Drunk Driving,Serious Injury
Thursday,33,Female,Primary,Bus,1,40,Rain,Twilight,Ice,Distracted,Serious Injury
Monday,25,Male,Secondary,Taxi,9,100,Cloudy,Daylight,Ice,Mechanical Failure,Serious Injury
Sunday,18,Male,Tertiary,Bus,9,70,Fog,Twilight,Dry,Overspeed,Fatal Injury
Friday,61,Female,Primary,Automobile,10,100,Clear,Night,Ice,Mechanical Failure,Serious Injury
Monday,22,Female,Tertiary,Taxi,27,50,Cloudy,Twilight,Ice,Distracted,Slight Injury
Monday,20,Male,Primary,Bus,5,80,Rain,Twilight,Ice,Overspeed,Fatal Injury
Monday,18,Male,Primary,Bus,3,40,Fog,Night,Dry,Overspeed,Serious Injury
Wednesday,21,Male,Illiterate,Taxi,23,40,Rain,Twilight,Dry,Distracted,Slight Injury
Sunday,57,Female,Illiterate,Automobile,11,70,Clear,Night,Ice,Drunk Driving,Serious Injury
Saturday,52,Male,Primary,Bus,10,70,Clear,Twilight,Ice,Overspeed,Serious Injury
Sunday,49,Male,Illiterate,Lorry,22,70,Clear,Daylight,Dry,Distracted,Slight Injury
Wednesday,59,Male,Primary,Taxi,22,50,Clear,Twilight,Snow,Fatigue,Slight Injury