Day_of_Week,Age_of_Driver,Sex,Educational_Level,Vehicle_Driver,Driving_Experience,Speed_Limit,Weather,Road_Light_Conditions,Road_Surface_Conditions,Cause_of_Accident,Accident_Severity
Saturday,51,Female,Secondary,Motorcycle,26,40,Clear,Night,Ice,Mechanical Failure,Slight Injury
Sunday,60,Male,Illiterate,Motorcycle,25,60,Rain,Daylight,Snow,Overspeed,Serious Injury
Monday,42,Male,Illiterate,Automobile,24,50,Clear,Night,Dry,Fatigue,Slight Injury
Friday,27,Male,Illiterate,Lorry,12,30,Clear,Twilight,Ice,Overspeed,Serious Injury
Saturday,38,Male,Secondary,Bus,4,80,Fog,Daylight,Snow,Drunk Driving,Fatal Injury
Thursday,63,Male,Primary,Motorcycle,5,70,Clear,Night,Dry,Distracted,Slight Injury
Thursday,56,Female,Tertiary,Automobile,0,40,Fog,Daylight,Snow,Overspeed,Fatal Injury
Tuesday,44,Female,Illiterate,Lorry,5,80,Fog,Daylight,Wet,Distracted,Serious Injury
Saturday,44,Female,Primary,Lorry,17,100,Fog,Night,Dry,Weather,Serious Injury
Friday,19,Male,Secondary,Automobile,21,50,Rain,Daylight,Wet,Overspeed,Serious Injury
Wednesday,58,Female,Tertiary,Automobile,8,30,Rain,Night,Dry,Drunk Driving,Serious Injury
Monday,65,Female,Illiterate,Bus,23,100,Cloudy,Daylight,Dry,Drunk Driving,Serious Injury
Tuesday,30,Female,Secondary,Automobile,24,50,Cloudy,Daylight,Ice,Fatigue,Slight Injury
Thursday,26,Male,Secondary,Bus,28,50,Fog,Daylight,Wet,Drunk Driving,Serious Injury
Wednesday,69,Male,Tertiary,Bus,14,60,Rain,Twilight,Wet,Distracted,Slight Injury
Wednesday,53,Female,Primary,Taxi,25,80,Clear,Twilight,Wet,Weather,Serious Injury
Monday,39,Female,Illiterate,Lorry,7,60,Cloudy,Night,Dry,Drunk Driving,Slight Injury
Saturday,59,Male,Illiterate,Lorry,18,50,Rain,Daylight,Wet,Overspeed,Serious Injury
Thursday,43,Male,Primary,Lorry,23,30,Clear,Night,Wet,Drunk Driving,Serious Injury
Friday,29,Female,Primary,Taxi,15,40,Clear,Twilight,Ice,Weather,Slight Injury
Wednesday,34,Male,Primary,Bus,5,40,Rain,Twilight,Snow,Distracted,Slight Injury
Monday,31,Female,Tertiary,Bus,28,100,Cloudy,Twilight,Snow,Overspeed,Serious Injury
Friday,31,Male,Tertiary,Automobile,5,80,Rain,Twilight,Wet,Fatigue,Serious Injury
Saturday,51,Female,Illiterate,Taxi,21,70,Cloudy,Night,Wet,Fatigue,Serious Injury
Thursday,37,Female,Tertiary,Automobile,2,70,Fog,Daylight,Wet,Fatigue,Fatal Injury
Saturday,28,Male,Secondary,Taxi,9,40,Rain,Night,Wet,Overspeed,Serious Injury
Wednesday,33,Female,Illiterate,Automobile,0,50,Rain,Daylight,Snow,Fatigue,Serious Injury
Friday,68,Female,Tertiary,Motorcycle,27,50,Cloudy,Twilight,Ice,Drunk Driving,Serious Injury
Friday,48,Female,Primary,Lorry,13,60,Cloudy,Daylight,Dry,Overspeed,Slight Injury
Friday,23,Male,Secondary,Lorry,3,80,Rain,Twilight,Wet,Overspeed,Fatal Injury
Wednesday,36,Male,Primary,Bus,25,60,Clear,Night,Wet,Overspeed,Serious Injury
Wednesday,54,Male,Illiterate,Motorcycle,11,70,Clear,Daylight,Snow,Mechanical Failure,Serious Injury
Saturday,21,Female,Primary,Lorry,5,40,Clear,Night,Wet,Distracted,Slight Injury
Tuesday,64,Male,Tertiary,Bus,10,100,Fog,Twilight,Ice,Mechanical Failure,Serious Injury
Saturday,21,Female,Tertiary,Motorcycle,11,50,Fog,Night,Ice,Mechanical Failure,Serious Injury
Thursday,37,Female,Illiterate,Lorry,9,40,Cloudy,Twilight,Wet,Mechanical Failure,Slight Injury
Monday,27,Male,Primary,Automobile,17,30,Fog,Twilight,Snow,Distracted,Slight Injury
Friday,41,Male,Illiterate,Taxi,6,40,Clear,Twilight,Wet,Mechanical Failure,Slight Injury
Tuesday,52,Female,Primary,Motorcycle,6,30,Rain,Night,Wet,Fatigue,Slight Injury
Monday,43,Female,Secondary,Bus,10,60,Fog,Night,Snow,Overspeed,Serious Injury
Tuesday,54,Male,Tertiary,Motorcycle,3,60,Fog,Daylight,Ice,Overspeed,Serious Injury
Sunday,55,Male,Illiterate,Bus,19,70,Clear,Daylight,Dry,Drunk Driving,Serious Injury
Saturday,38,Male,Secondary,Motorcycle,0,40,Fog,Night,Wet,Weather,Serious Injury
Wednesday,57,Female,Secondary,Bus,12,40,Cloudy,Night,Ice,Fatigue,Slight Injury
Friday,56,Female,Illiterate,Lorry,17,30,Rain,Night,Wet,Distracted,Slight Injury
Saturday,38,Female,Illiterate,Automobile,8,60,Clear,Night,Dry,Weather,Slight Injury
Monday,27,Female,Secondary,Lorry,25,30,Cloudy,Twilight,Snow,Overspeed,Serious Injury
Sunday,55,Female,Primary,Automobile,23,60,Clear,Twilight,Ice,Mechanical Failure,Slight Injury
Sunday,63,Male,Secondary,Lorry,23,30,Cloudy,Twilight,Dry,Drunk Driving,Slight Injury
Sunday,21,Male,Illiterate,Lorry,8,60,Rain,Night,Wet,Drunk Driving,Serious Injury
Monday,62,Female,Secondary,Motorcycle,22,30,Rain,Twilight,Dry,Overspeed,Serious Injury
Monday,37,Female,Primary,Taxi,28,100,Cloudy,Twilight,Ice,Fatigue,Serious Injury
Monday,34,Male,Tertiary,Bus,8,60,Cloudy,Daylight,Snow,Weather,Slight Injury
Monday,24,Male,Tertiary,Bus,9,80,Cloudy,Daylight,Wet,Drunk Driving,Fatal Injury
Sunday,21,Male,Secondary,Bus,27,30,Cloudy,Twilight,Snow,Overspeed,Serious Injury
Sunday,46,Male,Primary,Automobile,1,40,Cloudy,Twilight,Snow,Fatigue,Serious Injury
Tuesday,31,Female,Tertiary,Bus,5,70,Cloudy,Twilight,Dry,Overspeed,Serious Injury
Saturday,20,Male,Secondary,Bus,14,80,Rain,Night,Dry,Overspeed,Fatal Injury
Friday,41,Female,Secondary,Motorcycle,2,80,Cloudy,Daylight,Ice,Fatigue,Serious Injury
Wednesday,54,Male,Primary,Lorry,10,30,Fog,Daylight,Ice,Fatigue,Slight Injury
Sunday,33,Male,Illiterate,Bus,5,70,Rain,Daylight,Snow,Fatigue,Serious Injury
Wednesday,69,Male,Secondary,Taxi,2,40,Clear,Twilight,Ice,Overspeed,Serious Injury
Saturday,21,Female,Illiterate,Bus,23,80,Rain,Night,Snow,Drunk Driving,Fatal Injury
Saturday,41,Female,Illiterate,Automobile,10,40,Clear,Daylight,Wet,Distracted,Slight Injury
Wednesday,51,Male,Tertiary,Automobile,14,60,Clear,Daylight,Snow,Distracted,Slight Injury
Sunday,47,Female,Illiterate,Automobile,12,100,Fog,Night,Ice,Overspeed,Fatal Injury
Wednesday,35,Female,Primary,Bus,19,70,Cloudy,Twilight,Ice,Overspeed,Serious Injury
Tuesday,36,Male,Tertiary,Motorcycle,27,100,Cloudy,Twilight,Snow,Drunk Driving,Serious Injury
Thursday,48,Male,Tertiary,Taxi,9,50,Rain,Daylight,Dry,Fatigue,Slight Injury
Sunday,36,Female,Tertiary,Bus,5,60,Cloudy,Daylight,Snow,Overspeed,Serious Injury
Sunday,66,Female,Secondary,Motorcycle,14,70,Fog,Night,Snow,Mechanical Failure,Serious Injury
Friday,63,Female,Secondary,Motorcycle,24,30,Rain,Daylight,Dry,Fatigue,Slight Injury
Monday,36,Male,Illiterate,Bus,17,100,Rain,Night,Wet,Overspeed,Fatal Injury
Thursday,39,Male,Tertiary,Bus,17,30,Rain,Daylight,Dry,Mechanical Failure,Slight Injury
Saturday,41,Female,Tertiary,Motorcycle,6,40,Cloudy,Daylight,Ice,Weather,Slight Injury
Sunday,62,Male,Primary,Motorcycle,14,80,Cloudy,Daylight,Dry,Drunk Driving,Serious Injury
Wednesday,29,Male,Illiterate,Motorcycle,17,100,Cloudy,Twilight,Ice,Mechanical Failure,Serious Injury
Thursday,47,Female,Primary,Bus,17,50,Rain,Night,Ice,Overspeed,Serious Injury
Friday,55,Female,Illiterate,Motorcycle,19,30,Rain,Night,Snow,Distracted,Slight Injury
Saturday,48,Male,Illiterate,Automobile,8,70,Clear,Twilight,Snow,Overspeed,Serious Injury
Monday,53,Male,Secondary,Bus,23,100,Clear,Twilight,Wet,Distracted,Serious Injury
Monday,36,Female,Secondary,Automobile,1,100,Cloudy,Twilight,Ice,Drunk Driving,Fatal Injury
Friday,65,Male,Primary,Lorry,7,80,Rain,Night,Snow,Drunk Driving,Fatal Injury
Friday,62,Male,Illiterate,Bus,19,80,Cloudy,Daylight,Ice,Fatigue,Serious Injury
Wednesday,53,Female,Tertiary,Lorry,1,70,Cloudy,Twilight,Wet,Fatigue,Serious Injury
Sunday,47,Female,Secondary,Motorcycle,10,80,Clear,Twilight,Ice,Distracted,Serious Injury
Monday,66,Male,Tertiary,Motorcycle,25,30,Fog,Twilight,Wet,Distracted,Slight Injury
Saturday,50,Male,Primary,Taxi,6,70,Cloudy,Daylight,Wet,Drunk Driving,Serious Injury
Thursday,35,Male,Secondary,Motorcycle,5,70,Fog,Daylight,Wet,Mechanical Failure,Serious Injury
Saturday,69,Female,Secondary,Lorry,29,40,Fog,Twilight,Snow,Distracted,Slight Injury
Tuesday,66,Male,Illiterate,Motorcycle,9,50,Rain,Daylight,Dry,Distracted,Slight Injury
Tuesday,45,Male,Primary,Bus,4,100,Rain,Twilight,Dry,Mechanical Failure,Serious Injury
Friday,64,Female,Illiterate,Motorcycle,10,40,Cloudy,Daylight,Snow,Fatigue,Slight Injury
Wednesday,28,Female,Secondary,Taxi,0,50,Clear,Night,Ice,Fatigue,Serious Injury
Tuesday,62,Male,Primary,Motorcycle,1,70,Clear,Night,Snow,Distracted,Serious Injury
Monday,50,Female,Secondary,Lorry,23,100,Cloudy,Daylight,Ice,Fatigue,Serious Injury
Saturday,34,Female,Primary,Lorry,0,80,Cloudy,Night,Wet,Fatigue,Serious Injury
Saturday,23,Male,Secondary,Motorcycle,18,50,Clear,Night,Snow,Weather,Slight Injury
Friday,21,Female,Tertiary,Lorry,1,70,Fog,Night,Dry,Fatigue,Fatal Injury
Sunday,37,Female,Tertiary,Lorry,20,70,Cloudy,Twilight,Ice,Drunk Driving,Serious Injury
Sunday,65,Male,Illiterate,Taxi,19,40,Fog,Daylight,Snow,Overspeed,Serious Injury
Thursday,64,Female,Tertiary,Bus,28,40,Cloudy,Daylight,Snow,Distracted,Slight Injury
Friday,44,Male,Secondary,Taxi,22,80,Cloudy,Daylight,Ice,Distracted,Serious Injury
Thursday,32,Male,Secondary,Automobile,20,60,Fog,Night,Wet,Drunk Driving,Serious Injury
Sunday,23,Female,Tertiary,Taxi,23,30,Fog,Twilight,Wet,Overspeed,Serious Injury
Friday,64,Female,Illiterate,Motorcycle,3,60,Clear,Daylight,Wet,Overspeed,Serious Injury
Friday,31,Female,Tertiary,Bus,11,60,Cloudy,Night,Wet,Drunk Driving,Serious Injury
Friday,28,Male,Primary,Motorcycle,21,100,Rain,Twilight,Ice,Mechanical Failure,Serious Injury
Sunday,56,Female,Primary,Automobile,19,100,Rain,Twilight,Dry,Mechanical Failure,Serious Injury
Thursday,26,Male,Primary,Bus,17,80,Cloudy,Daylight,Snow,Overspeed,Serious Injury
Thursday,43,Female,Tertiary,Lorry,0,100,Cloudy,Daylight,Snow,Mechanical Failure,Serious Injury
Friday,33,Female,Tertiary,Taxi,29,50,Cloudy,Night,Wet,Mechanical Failure,Slight Injury
Tuesday,22,Female,Tertiary,Motorcycle,29,80,Fog,Daylight,Ice,Mechanical Failure,Serious Injury
Wednesday,69,Male,Primary,Automobile,0,80,Rain,Night,Dry,Overspeed,Fatal Injury
Sunday,27,Female,Illiterate,Lorry,23,70,Rain,Twilight,Dry,Mechanical Failure,Serious Injury
Wednesday,67,Female,Secondary,Taxi,13,70,Rain,Twilight,Snow,Distracted,Serious Injury
Wednesday,20,Male,Tertiary,Lorry,3,70,Cloudy,Twilight,Wet,Weather,Serious Injury
Thursday,30,Male,Illiterate,Taxi,4,30,Fog,Twilight,Snow,Overspeed,Serious Injury
Thursday,60,Female,Secondary,Bus,10,50,Cloudy,Daylight,Snow,Drunk Driving,Serious Injury
Tuesday,66,Female,Secondary,Lorry,23,50,Clear,Daylight,Dry,Mechanical Failure,Slight Injury
Wednesday,47,Female,Secondary,Lorry,27,70,Clear,Night,Ice,Fatigue,Serious Injury
Wednesday,62,Male,Illiterate,Lorry,22,60,Rain,Night,Dry,Overspeed,Serious Injury
Friday,23,Male,Illiterate,Bus,12,30,Cloudy,Night,Snow,Drunk Driving,Serious Injury
Thursday,34,Male,Primary,Automobile,15,60,Clear,Night,Wet,Weather,Slight Injury
Wednesday,62,Male,Illiterate,Taxi,23,40,Clear,Night,Wet,Distracted,Slight Injury
Saturday,68,Female,Illiterate,Lorry,12,50,Cloudy,Twilight,Ice,Drunk Driving,Serious Injury
Tuesday,36,Male,Illiterate,Bus,23,50,Fog,Twilight,Ice,Mechanical Failure,Slight Injury
Saturday,59,Male,Secondary,Automobile,21,60,Cloudy,Twilight,Ice,Fatigue,Slight Injury
Saturday,52,Male,Tertiary,Taxi,25,30,Cloudy,Night,Snow,Mechanical Failure,Slight Injury
Sunday,63,Female,Primary,Bus,1,50,Fog,Twilight,Snow,Drunk Driving,Fatal Injury
Sunday,43,Female,Tertiary,Taxi,15,60,Rain,Twilight,Ice,Overspeed,Serious Injury
Tuesday,68,Male,Tertiary,Lorry,5,80,Rain,Twilight,Wet,Fatigue,Serious Injury
Saturday,22,Male,Illiterate,Automobile,13,80,Rain,Twilight,Wet,Fatigue,Serious Injury
Wednesday,46,Female,Primary,Bus,0,100,Fog,Daylight,Wet,Drunk Driving,Fatal Injury
Thursday,54,Female,Tertiary,Automobile,16,30,Clear,Night,Snow,Weather,Slight Injury
Tuesday,37,Female,Tertiary,Lorry,10,60,Fog,Night,Dry,Weather,Slight Injury
Friday,66,Female,Primary,Automobile,18,100,Cloudy,Daylight,Wet,Mechanical Failure,Serious Injury
Saturday,38,Female,Illiterate,Automobile,2,80,Fog,Twilight,Wet,Drunk Driving,Fatal Injury
Tuesday,27,Female,Tertiary,Motorcycle,10,30,Clear,Twilight,Wet,Fatigue,Slight Injury
Monday,22,Female,Secondary,Automobile,28,100,Clear,Twilight,Ice,Drunk Driving,Fatal Injury
Monday,53,Female,Tertiary,Taxi,4,70,Cloudy,Night,Snow,Fatigue,Serious Injury
Sunday,23,Male,Secondary,Bus,16,30,Rain,Night,Ice,Mechanical Failure,Serious Injury
Thursday,43,Male,Illiterate,Motorcycle,25,40,Clear,Night,Ice,Overspeed,Serious Injury
Wednesday,21,Male,Tertiary,Bus,21,70,Clear,Night,Dry,Overspeed,Serious Injury
Thursday,56,Male,Primary,Bus,6,100,Clear,Night,Ice,Drunk Driving,Serious Injury
Thursday,56,Male,Primary,Lorry,9,60,Cloudy,Daylight,Dry,Fatigue,Slight Injury
Thursday,67,Male,Tertiary,Lorry,27,70,Clear,Night,Ice,Overspeed,Serious Injury
Thursday,52,Female,Illiterate,Motorcycle,28,70,Rain,Twilight,Wet,Fatigue,Serious Injury
Friday,18,Female,Illiterate,Lorry,10,100,Cloudy,Night,Snow,Mechanical Failure,Serious Injury
Friday,41,Male,Primary,Lorry,2,60,Rain,Daylight,Ice,Drunk Driving,Fatal Injury
Sunday,53,Male,Tertiary,Lorry,19,60,Clear,Twilight,Dry,Fatigue,Slight Injury
Tuesday,23,Female,Illiterate,Bus,9,80,Clear,Daylight,Snow,Drunk Driving,Fatal Injury
Monday,58,Female,Primary,Motorcycle,26,40,Rain,Twilight,Dry,Fatigue,Slight Injury
Thursday,63,Female,Secondary,Bus,9,60,Cloudy,Night,Wet,Weather,Slight Injury
Sunday,61,Male,Tertiary,Taxi,13,50,Cloudy,Daylight,Ice,Weather,Slight Injury
Tuesday,48,Female,Secondary,Bus,11,50,Rain,Twilight,Snow,Fatigue,Slight Injury
Monday,37,Male,Secondary,Taxi,14,40,Clear,Night,Wet,Mechanical Failure,Slight Injury
Saturday,41,Male,Illiterate,Automobile,9,30,Fog,Twilight,Ice,Drunk Driving,Serious Injury
Wednesday,42,Female,Illiterate,Automobile,29,100,Rain,Daylight,Ice,Distracted,Serious Injury
Friday,53,Female,Illiterate,Taxi,9,30,Rain,Daylight,Dry,Fatigue,Slight Injury
Saturday,38,Male,Tertiary,Taxi,25,50,Rain,Daylight,Dry,Fatigue,Slight Injury
Monday,47,Female,Secondary,Bus,18,60,Clear,Daylight,Wet,Weather,Slight Injury
Saturday,41,Female,Tertiary,Taxi,0,40,Cloudy,Night,Dry,Overspeed,Serious Injury
Wednesday,61,Male,Illiterate,Motorcycle,23,30,Clear,Twilight,Wet,Weather,Slight Injury
Sunday,59,Female,Secondary,Automobile,28,30,Rain,Night,Wet,Drunk Driving,Serious Injury
Monday,47,Male,Tertiary,Automobile,25,100,Clear,Daylight,Wet,Weather,Serious Injury
Saturday,39,Male,Tertiary,Taxi,9,70,Clear,Twilight,Dry,Distracted,Slight Injury
Friday,45,Female,Primary,Lorry,1,50,Rain,Daylight,Snow,Mechanical Failure,Serious Injury
Friday,24,Male,Tertiary,Lorry,16,60,Clear,Night,Wet,Distracted,Slight Injury
Tuesday,52,Male,Illiterate,Taxi,29,40,Fog,Night,Snow,Mechanical Failure,Slight Injury
Saturday,45,Female,Tertiary,Motorcycle,23,30,Clear,Night,Ice,Distracted,Slight Injury
Thursday,31,Female,Secondary,Lorry,6,100,Clear,Twilight,Dry,Weather,Slight Injury
Saturday,27,Female,Tertiary,Taxi,6,70,Cloudy,Twilight,Dry,Distracted,Slight Injury
Sunday,33,Male,Primary,Motorcycle,19,50,Cloudy,Daylight,Snow,Weather,Slight Injury
Monday,33,Male,Secondary,Motorcycle,26,50,Rain,Twilight,Ice,Weather,Slight Injury
Monday,48,Female,Secondary,Bus,8,100,Rain,Twilight,Ice,Drunk Driving,Fatal Injury
Sunday,59,Male,Primary,Motorcycle,21,40,Cloudy,Night,Wet,Weather,Slight Injury
Saturday,42,Female,Illiterate,Lorry,1,30,Fog,Daylight,Dry,Overspeed,Serious Injury
Sunday,30,Female,Secondary,Lorry,13,40,Clear,Night,Ice,Distracted,Slight Injury
Wednesday,23,Male,Illiterate,Taxi,16,100,Fog,Daylight,Ice,Fatigue,Serious Injury
Sunday,61,Female,Secondary,Taxi,0,100,Fog,Daylight,Wet,Fatigue,Fatal Injury
Friday,26,Male,Secondary,Motorcycle,8,40,Cloudy,Twilight,Wet,Fatigue,Slight Injury
Sunday,62,Male,Illiterate,Automobile,19,80,Rain,Night,Snow,Overspeed,Fatal Injury
Monday,53,Female,Secondary,Bus,20,70,Clear,Twilight,Dry,Weather,Slight Injury
Friday,60,Male,Illiterate,Automobile,18,50,Rain,Twilight,Ice,Distracted,Slight Injury
Monday,37,Female,Primary,Motorcycle,3,80,Fog,Twilight,Snow,Mechanical Failure,Serious Injury
Tuesday,35,Male,Illiterate,Motorcycle,27,60,Fog,Daylight,Dry,Mechanical Failure,Slight Injury
Thursday,60,Male,Primary,Automobile,7,50,Rain,Night,Snow,Drunk Driving,Serious Injury
Monday,38,Male,Secondary,Bus,12,50,Rain,Night,Dry,Overspeed,Serious Injury
Friday,21,Female,Illiterate,Automobile,3,70,Cloudy,Twilight,Dry,Distracted,Serious Injury
Tuesday,67,Male,Secondary,Taxi,8,60,Rain,Daylight,Ice,Weather,Slight Injury
Monday,50,Female,Illiterate,Lorry,8,30,Rain,Night,Dry,Fatigue,Slight Injury
Wednesday,44,Male,Primary,Taxi,21,60,Cloudy,Night,Wet,Overspeed,Serious Injury
Sunday,24,Male,Primary,Lorry,17,30,Rain,Twilight,Ice,Overspeed,Serious Injury
Thursday,23,Female,Illiterate,Motorcycle,11,60,Fog,Daylight,Wet,Distracted,Serious Injury
Monday,32,Female,Primary,Bus,9,40,Rain,Twilight,Snow,Weather,Slight Injury
Tuesday,35,Female,Secondary,Automobile,10,100,Clear,Night,Snow,Drunk Driving,Serious Injury
Wednesday,49,Female,Secondary,Bus,6,60,Fog,Daylight,Dry,Weather,Slight Injury
Saturday,28,Female,Tertiary,Automobile,8,80,Cloudy,Twilight,Dry,Drunk Driving,Serious Injury
Tuesday,37,Male,Primary,Taxi,5,80,Fog,Night,Wet,Drunk Driving,Fatal Injury
Sunday,41,Male,Secondary,Taxi,18,70,Cloudy,Twilight,Wet,Fatigue,Serious Injury
Tuesday,32,Female,Illiterate,Automobile,15,100,Clear,Twilight,Wet,Fatigue,Serious Injury
Wednesday,65,Male,Primary,Bus,29,100,Clear,Twilight,Snow,Distracted,Serious Injury
Tuesday,24,Male,Secondary,Automobile,14,30,Fog,Daylight,Wet,Weather,Serious Injury
Wednesday,38,Male,Primary,Motorcycle,6,50,Rain,Night,Ice,Drunk Driving,Serious Injury
Monday,59,Female,Illiterate,Taxi,15,70,Fog,Night,Ice,Distracted,Serious Injury
Wednesday,43,Male,Secondary,Motorcycle,4,80,Fog,Night,Snow,Drunk Driving,Fatal Injury
Wednesday,61,Male,Tertiary,Taxi,15,80,Clear,Night,Wet,Overspeed,Serious Injury
Thursday,31,Male,Tertiary,Taxi,0,30,Cloudy,Daylight,Wet,Mechanical Failure,Serious Injury
Wednesday,54,Female,Primary,Lorry,18,80,Fog,Twilight,Dry,Mechanical Failure,Serious Injury
Wednesday,38,Male,Illiterate,Motorcycle,4,80,Rain,Night,Ice,Drunk Driving,Fatal Injury
Saturday,35,Male,Secondary,Motorcycle,6,30,Clear,Daylight,Snow,Distracted,Slight Injury
Monday,22,Female,Illiterate,Lorry,18,80,Fog,Twilight,Wet,Fatigue,Serious Injury
Sunday,20,Female,Secondary,Bus,21,50,Fog,Daylight,Dry,Weather,Slight Injury
Thursday,40,Male,Primary,Motorcycle,4,40,Rain,Daylight,Snow,Drunk Driving,Serious Injury
Saturday,43,Male,Secondary,Automobile,28,70,Fog,Night,Snow,Drunk Driving,Fatal Injury
Friday,54,Female,Illiterate,Lorry,16,50,Fog,Night,Ice,Weather,Slight Injury
Monday,41,Female,Illiterate,Motorcycle,25,50,Fog,Twilight,Wet,Fatigue,Slight Injury
Monday,66,Female,Primary,Bus,21,40,Fog,Twilight,Snow,Drunk Driving,Serious Injury
Friday,36,Female,Illiterate,Motorcycle,29,100,Rain,Night,Dry,Overspeed,Serious Injury
Sunday,68,Female,Secondary,Taxi,7,70,Fog,Daylight,Dry,Fatigue,Serious Injury
Wednesday,42,Female,Primary,Automobile,28,50,Fog,Night,Snow,Overspeed,Serious Injury
Saturday,38,Female,Secondary,Lorry,28,80,Fog,Twilight,Dry,Mechanical Failure,Serious Injury
Tuesday,29,Male,Illiterate,Taxi,0,40,Clear,Daylight,Snow,Weather,Serious Injury
Thursday,58,Female,Primary,Bus,1,100,Rain,Daylight,Dry,Fatigue,Serious Injury
Tuesday,50,Female,Secondary,Taxi,29,70,Clear,Daylight,Snow,Fatigue,Serious Injury
Friday,67,Male,Illiterate,Taxi,14,60,Clear,Night,Snow,Distracted,Slight Injury
Monday,21,Female,Illiterate,Bus,19,30,Rain,Night,Snow,Distracted,Serious Injury
Sunday,59,Female,Tertiary,Taxi,27,80,Clear,Twilight,Dry,Weather,Slight Injury
Monday,24,Male,Illiterate,Lorry,17,40,Clear,Daylight,Snow,Fatigue,Slight Injury
Thursday,39,Female,Secondary,Motorcycle,10,30,Clear,Daylight,Ice,Mechanical Failure,Slight Injury
Monday,50,Male,Primary,Taxi,24,100,Rain,Night,Snow,Drunk Driving,Fatal Injury
Monday,34,Male,Tertiary,Lorry,9,100,Fog,Twilight,Wet,Weather,Serious Injury
Thursday,41,Male,Illiterate,Motorcycle,23,60,Cloudy,Twilight,Wet,Weather,Slight Injury
Saturday,51,Male,Illiterate,Motorcycle,23,50,Cloudy,Daylight,Ice,Distracted,Slight Injury
Saturday,45,Female,Illiterate,Taxi,3,50,Rain,Night,Snow,Mechanical Failure,Slight Injury
Thursday,60,Male,Secondary,Lorry,4,70,Cloudy,Daylight,Wet,Weather,Serious Injury
Sunday,58,Male,Tertiary,Taxi,3,40,Rain,Night,Snow,Mechanical Failure,Slight Injury
Friday,56,Female,Secondary,Bus,12,40,Rain,Twilight,Wet,Weather,Slight Injury
Monday,39,Male,Tertiary,Motorcycle,24,100,Cloudy,Daylight,Dry,Distracted,Slight Injury
Sunday,66,Male,Primary,Taxi,12,70,Clear,Daylight,Dry,Drunk Driving,Serious Injury
Monday,34,Male,Secondary,Motorcycle,17,30,Fog,Daylight,Ice,Distracted,Slight Injury
Friday,51,Male,Secondary,Lorry,28,50,Cloudy,Twilight,Ice,Weather,Slight Injury
Saturday,23,Female,Primary,Automobile,26,50,Cloudy,Daylight,Snow,Mechanical Failure,Slight Injury
Sunday,63,Male,Tertiary,Taxi,23,100,Cloudy,Twilight,Ice,Overspeed,Serious Injury
Wednesday,23,Female,Illiterate,Taxi,1,40,Cloudy,Night,Snow,Distracted,Serious Injury
Wednesday,51,Female,Primary,Motorcycle,15,100,Rain,Twilight,Dry,Mechanical Failure,Serious Injury
Wednesday,18,Male,Illiterate,Lorry,0,40,Rain,Night,Dry,Distracted,Serious Injury
Saturday,27,Male,Illiterate,Bus,25,70,Fog,Twilight,Wet,Weather,Serious Injury
Saturday,38,Male,Primary,Lorry,18,60,Fog,Twilight,Snow,Mechanical Failure,Slight Injury
Friday,22,Male,Tertiary,Taxi,8,30,Cloudy,Daylight,Dry,Drunk Driving,Serious Injury