Day_of_Week,Age_of_Driver,Sex,Educational_Level,Vehicle_Driver,Driving_Experience,Speed_Limit,Weather,Road_Light_Conditions,Road_Surface_Conditions,Cause_of_Accident,Accident_Severity
Monday,19,Female,Illiterate,Bus,27,80,Cloudy,Twilight,Dry,Mechanical Failure,Serious Injury
Friday,39,Female,Primary,Lorry,2,60,Cloudy,Daylight,Snow,Fatigue,Serious Injury
Friday,65,Female,Secondary,Automobile,24,60,Fog,Night,Wet,Overspeed,Serious Injury
Saturday,19,Male,Secondary,Motorcycle,6,40,Cloudy,Night,Wet,Weather,Slight Injury
Wednesday,27,Female,Secondary,Lorry,28,40,Clear,Daylight,Wet,Mechanical Failure,Slight Injury
Tuesday,51,Male,Primary,Lorry,9,40,Fog,Night,Wet,Weather,Slight Injury
Monday,33,Male,Secondary,Automobile,0,60,Clear,Twilight,Dry,Distracted,Slight Injury
Saturday,65,Male,Illiterate,Taxi,9,100,Cloudy,Daylight,Snow,Distracted,Serious Injury
Wednesday,68,Male,Secondary,Motorcycle,20,30,Rain,Daylight,Snow,Mechanical Failure,Slight Injury
Sunday,56,Male,Secondary,Lorry,8,100,Clear,Daylight,Dry,Fatigue,Slight Injury
Tuesday,39,Female,Illiterate,Bus,27,40,Fog,Night,Dry,Mechanical Failure,Slight Injury
Tuesday,29,Female,Secondary,Lorry,14,50,Clear,Night,Dry,Drunk Driving,Slight Injury
Saturday,41,Male,Illiterate,Motorcycle,14,100,Fog,Twilight,Ice,Fatigue,Serious Injury
Thursday,64,Female,Secondary,Lorry,2,30,Cloudy,Twilight,Snow,Weather,Serious Injury
Monday,57,Male,Illiterate,Automobile,24,50,Clear,Daylight,Snow,Mechanical Failure,Slight Injury
Tuesday,55,Male,Secondary,Lorry,4,30,Rain,Twilight,Snow,Weather,Slight Injury
Saturday,27,Male,Illiterate,Lorry,8,40,Clear,Night,Wet,Overspeed,Serious Injury
Saturday,52,Female,Primary,Bus,25,100,Rain,Twilight,Dry,Fatigue,Serious Injury
Wednesday,68,Male,Illiterate,Automobile,21,80,Fog,Night,Dry,Mechanical Failure,Serious Injury
Sunday,66,Male,Secondary,Automobile,8,70,Cloudy,Twilight,Dry,Overspeed,Serious Injury
Thursday,49,Female,Secondary,Lorry,22,40,Cloudy,Night,Ice,Mechanical Failure,Slight Injury
Monday,24,Female,Tertiary,Bus,6,60,Rain,Night,Snow,Drunk Driving,Serious Injury
Friday,38,Female,Illiterate,Lorry,23,80,Fog,Twilight,Dry,Distracted,Serious Injury
Sunday,37,Male,Primary,Lorry,22,60,Cloudy,Twilight,Ice,Weather,Slight Injury
Sunday,43,Male,Illiterate,Motorcycle,11,30,Fog,Night,Dry,Mechanical Failure,Slight Injury
Wednesday,21,Female,Illiterate,Motorcycle,24,60,Rain,Daylight,Wet,Fatigue,Serious Injury
Tuesday,63,Male,Primary,Bus,26,80,Rain,Twilight,Snow,Mechanical Failure,Serious Injury
Tuesday,69,Female,Illiterate,Taxi,8,80,Clear,Night,Ice,Mechanical Failure,Serious Injury
Wednesday,39,Female,Primary,Motorcycle,5,40,Cloudy,Twilight,Dry,Mechanical Failure,Slight Injury
Saturday,32,Male,Primary,Taxi,22,50,Cloudy,Twilight,Snow,Mechanical Failure,Slight Injury
Tuesday,57,Male,Illiterate,Automobile,1,40,Clear,Twilight,Ice,Fatigue,Serious Injury
Thursday,38,Female,Illiterate,Motorcycle,8,30,Rain,Twilight,Snow,Fatigue,Slight Injury
Monday,32,Female,Secondary,Motorcycle,27,60,Rain,Twilight,Snow,Mechanical Failure,Slight Injury
Sunday,39,Female,Secondary,Bus,28,50,Rain,Daylight,Wet,Distracted,Slight Injury
Sunday,69,Female,Tertiary,Taxi,16,100,Rain,Daylight,Snow,Mechanical Failure,Serious Injury
Thursday,45,Male,Tertiary,Motorcycle,0,70,Fog,Daylight,Ice,Weather,Fatal Injury
Tuesday,31,Female,Illiterate,Motorcycle,18,80,Cloudy,Night,Snow,Weather,Serious Injury
Sunday,44,Female,Primary,Bus,27,50,Cloudy,Daylight,Ice,Fatigue,Slight Injury
Friday,58,Female,Tertiary,Bus,5,100,Rain,Daylight,Snow,Weather,Serious Injury
Monday,57,Male,Illiterate,Taxi,4,50,Rain,Night,Dry,Weather,Slight Injury
Monday,45,Male,Tertiary,Automobile,1,40,Rain,Daylight,Wet,Drunk Driving,Fatal Injury
Sunday,43,Female,Primary,Automobile,8,100,Cloudy,Twilight,Dry,Mechanical Failure,Slight Injury
Wednesday,66,Male,Illiterate,Lorry,29,70,Cloudy,Daylight,Wet,Mechanical Failure,Serious Injury
Sunday,19,Male,Primary,Motorcycle,28,80,Rain,Daylight,Ice,Mechanical Failure,Serious Injury
Wednesday,42,Male,Illiterate,Taxi,25,30,Fog,Daylight,Wet,Mechanical Failure,Slight Injury
Sunday,20,Female,Tertiary,Motorcycle,13,30,Clear,Twilight,Snow,Overspeed,Serious Injury
Friday,25,Female,Secondary,Taxi,3,50,Clear,Twilight,Snow,Mechanical Failure,Slight Injury
Saturday,61,Male,Tertiary,Taxi,3,100,Clear,Twilight,Dry,Fatigue,Slight Injury
Monday,50,Female,Tertiary,Taxi,20,50,Cloudy,Twilight,Wet,Fatigue,Slight Injury
Sunday,59,Female,Secondary,Motorcycle,14,60,Cloudy,Night,Ice,Overspeed,Serious Injury
Friday,69,Male,Secondary,Bus,7,70,Clear,Twilight,Ice,Mechanical Failure,Serious Injury
Wednesday,52,Male,Illiterate,Motorcycle,25,80,Clear,Twilight,Snow,Distracted,Serious Injury
Wednesday,23,Female,Illiterate,Taxi,3,50,Fog,Twilight,Ice,Mechanical Failure,Serious Injury
Monday,56,Male,Primary,Lorry,15,60,Cloudy,Twilight,Snow,Fatigue,Slight Injury
Thursday,69,Female,Primary,Automobile,20,100,Cloudy,Night,Snow,Drunk Driving,Serious Injury
Sunday,40,Female,Tertiary,Taxi,27,70,Clear,Daylight,Snow,Weather,Serious Injury
Tuesday,42,Male,Secondary,Lorry,3,80,Fog,Daylight,Dry,Drunk Driving,Serious Injury
Wednesday,67,Female,Primary,Bus,29,30,Fog,Twilight,Dry,Distracted,Slight Injury
Saturday,60,Female,Tertiary,Taxi,15,60,Clear,Twilight,Snow,Mechanical Failure,Slight Injury
Saturday,36,Male,Secondary,Lorry,21,100,Clear,Twilight,Snow,Overspeed,Serious Injury
Wednesday,22,Male,Illiterate,Taxi,11,70,Cloudy,Daylight,Snow,Mechanical Failure,Serious Injury
Thursday,68,Male,Tertiary,Motorcycle,15,60,Clear,Daylight,Ice,Distracted,Slight Injury
Thursday,28,Female,Illiterate,Lorry,18,50,Rain,Twilight,Snow,Distracted,Slight Injury
Friday,29,Male,Primary,Motorcycle,7,40,Fog,Daylight,Snow,Weather,Slight Injury
Saturday,27,Male,Primary,Motorcycle,5,30,Clear,Night,Wet,Distracted,Slight Injury
Friday,25,Male,Secondary,Lorry,9,50,Rain,Twilight,Wet,Drunk Driving,Serious Injury
Saturday,41,Male,Tertiary,Automobile,4,50,Fog,Twilight,Wet,Weather,Slight Injury
Sunday,45,Female,Illiterate,Lorry,28,100,Rain,Night,Wet,Mechanical Failure,Serious Injury
Sunday,58,Female,Secondary,Automobile,17,100,Rain,Night,Snow,Mechanical Failure,Serious Injury
Tuesday,53,Male,Primary,Taxi,9,70,Clear,Daylight,Wet,Overspeed,Serious Injury
Sunday,54,Female,Primary,Taxi,9,100,Fog,Night,Ice,Distracted,Serious Injury
Tuesday,38,Male,Tertiary,Lorry,6,60,Rain,Twilight,Ice,Distracted,Slight Injury
Sunday,25,Male,Illiterate,Taxi,17,30,Cloudy,Daylight,Wet,Fatigue,Slight Injury
Monday,26,Female,Tertiary,Bus,0,50,Fog,Night,Dry,Weather,Serious Injury
Sunday,64,Female,Illiterate,Motorcycle,6,70,Cloudy,Daylight,Ice,Fatigue,Serious Injury
Friday,32,Male,Illiterate,Motorcycle,20,30,Clear,Daylight,Ice,Weather,Slight Injury
Wednesday,65,Male,Tertiary,Automobile,0,100,Cloudy,Daylight,Wet,Drunk Driving,Fatal Injury
Friday,63,Female,Secondary,Taxi,14,100,Fog,Daylight,Wet,Weather,Serious Injury
Wednesday,57,Male,Tertiary,Automobile,3,60,Rain,Night,Snow,Mechanical Failure,Slight Injury
Thursday,35,Female,Tertiary,Motorcycle,27,100,Rain,Twilight,Ice,Overspeed,Fatal Injury
Friday,59,Male,Primary,Motorcycle,28,50,Fog,Twilight,Wet,Weather,Slight Injury
Thursday,37,Male,Primary,Taxi,19,80,Rain,Night,Wet,Weather,Serious Injury
Tuesday,23,Female,Tertiary,Bus,9,50,Cloudy,Twilight,Snow,Weather,Slight Injury
Tuesday,29,Female,Tertiary,Bus,22,50,Rain,Daylight,Ice,Overspeed,Serious Injury
Monday,19,Female,Primary,Taxi,8,100,Rain,Daylight,Wet,Distracted,Serious Injury
Sunday,24,Female,Illiterate,Taxi,1,30,Cloudy,Daylight,Snow,Overspeed,Fatal Injury
Friday,33,Female,Tertiary,Automobile,27,100,Cloudy,Night,Wet,Distracted,Serious Injury
Thursday,20,Female,Secondary,Taxi,13,30,Cloudy,Daylight,Dry,Mechanical Failure,Slight Injury
Wednesday,62,Female,Secondary,Bus,15,30,Clear,Daylight,Dry,Overspeed,Slight Injury
Tuesday,20,Male,Secondary,Taxi,0,30,Cloudy,Night,Wet,Distracted,Serious Injury
Sunday,44,Male,Tertiary,Automobile,1,70,Cloudy,Daylight,Ice,Mechanical Failure,Serious Injury
Tuesday,67,Male,Illiterate,Automobile,6,40,Clear,Daylight,Dry,Mechanical Failure,Slight Injury
Wednesday,60,Female,Illiterate,Automobile,28,100,Rain,Twilight,Snow,Distracted,Serious Injury
Sunday,57,Female,Primary,Automobile,9,70,Cloudy,Night,Wet,Distracted,Serious Injury
Sunday,55,Female,Tertiary,Lorry,21,50,Fog,Daylight,Snow,Drunk Driving,Serious Injury
Thursday,50,Male,Illiterate,Taxi,19,70,Cloudy,Daylight,Dry,Mechanical Failure,Slight Injury
Thursday,45,Female,Tertiary,Motorcycle,0,60,Cloudy,Daylight,Ice,Distracted,Serious Injury
Friday,18,Female,Primary,Taxi,12,80,Clear,Daylight,Snow,Mechanical Failure,Serious Injury
Friday,25,Male,Primary,Lorry,0,30,Fog,Twilight,Dry,Overspeed,Serious Injury
Saturday,54,Female,Primary,Automobile,4,100,Rain,Twilight,Dry,Fatigue,Serious Injury
Saturday,49,Male,Secondary,Lorry,15,60,Rain,Twilight,Dry,Fatigue,Slight Injury
Monday,65,Male,Tertiary,Bus,14,100,Fog,Twilight,Snow,Weather,Serious Injury
Tuesday,60,Female,Primary,Bus,16,80,Cloudy,Night,Dry,Distracted,Slight Injury
Friday,54,Female,Tertiary,Taxi,27,60,Clear,Daylight,Wet,Distracted,Slight Injury
Thursday,21,Female,Secondary,Taxi,22,100,Fog,Twilight,Dry,Mechanical Failure,Serious Injury
Wednesday,47,Male,Secondary,Motorcycle,15,50,Fog,Daylight,Wet,Weather,Slight Injury
Thursday,23,Male,Primary,Motorcycle,12,30,Rain,Night,Ice,Distracted,Serious Injury
Tuesday,63,Male,Primary,Bus,10,60,Clear,Daylight,Wet,Mechanical Failure,Slight Injury
Saturday,36,Female,Illiterate,Automobile,16,50,Fog,Daylight,Ice,Distracted,Slight Injury
Thursday,49,Female,Tertiary,Lorry,16,30,Clear,Twilight,Ice,Mechanical Failure,Slight Injury
Monday,26,Female,Primary,Motorcycle,1,40,Cloudy,Twilight,Wet,Distracted,Serious Injury
Tuesday,29,Female,Illiterate,Motorcycle,12,50,Rain,Night,Ice,Drunk Driving,Serious Injury
Saturday,28,Male,Tertiary,Automobile,13,70,Cloudy,Daylight,Wet,Mechanical Failure,Serious Injury
Wednesday,63,Male,Primary,Automobile,10,100,Clear,Twilight,Snow,Drunk Driving,Serious Injury
Saturday,33,Male,Illiterate,Taxi,27,30,Cloudy,Twilight,Ice,Drunk Driving,Serious Injury
Sunday,18,Male,Illiterate,Lorry,9,60,Rain,Twilight,Wet,Drunk Driving,Serious Injury
Monday,62,Female,Tertiary,Automobile,2,80,Clear,Night,Ice,Drunk Driving,Fatal Injury
Tuesday,38,Female,Illiterate,Motorcycle,28,60,Fog,Daylight,Dry,Overspeed,Serious Injury
Wednesday,47,Female,Tertiary,Motorcycle,26,70,Cloudy,Twilight,Wet,Weather,Serious Injury
Monday,30,Male,Tertiary,Bus,16,100,Rain,Daylight,Dry,Fatigue,Serious Injury
Saturday,51,Male,Tertiary,Automobile,14,70,Fog,Night,Ice,Overspeed,Fatal Injury
Monday,21,Female,Secondary,Taxi,8,60,Rain,Daylight,Ice,Distracted,Serious Injury
Tuesday,45,Female,Illiterate,Lorry,9,100,Clear,Twilight,Snow,Distracted,Serious Injury
Friday,55,Male,Tertiary,Taxi,7,80,Clear,Daylight,Wet,Weather,Serious Injury
Monday,48,Female,Primary,Motorcycle,20,30,Cloudy,Daylight,Dry,Fatigue,Slight Injury
Sunday,44,Male,Secondary,Taxi,12,100,Rain,Night,Snow,Fatigue,Serious Injury
Monday,22,Male,Secondary,Motorcycle,26,50,Rain,Night,Ice,Fatigue,Serious Injury
Saturday,42,Male,Illiterate,Motorcycle,17,100,Rain,Daylight,Ice,Drunk Driving,Fatal Injury
Saturday,20,Female,Tertiary,Motorcycle,4,70,Clear,Daylight,Snow,Overspeed,Fatal Injury
Wednesday,50,Female,Illiterate,Motorcycle,5,70,Cloudy,Daylight,Dry,Distracted,Slight Injury
Saturday,21,Male,Secondary,Motorcycle,29,70,Rain,Night,Ice,Overspeed,Fatal Injury
Thursday,42,Female,Tertiary,Bus,16,80,Rain,Night,Ice,Overspeed,Fatal Injury
Tuesday,37,Male,Primary,Taxi,10,100,Fog,Daylight,Wet,Overspeed,Fatal Injury
Tuesday,51,Male,Tertiary,Bus,19,100,Rain,Night,Snow,Fatigue,Serious Injury
Friday,43,Male,Secondary,Bus,15,40,Cloudy,Twilight,Ice,Weather,Slight Injury
Friday,22,Male,Primary,Automobile,8,80,Fog,Night,Dry,Weather,Serious Injury
Tuesday,52,Female,Tertiary,Automobile,1,30,Fog,Night,Wet,Fatigue,Serious Injury
Sunday,45,Male,Primary,Automobile,4,30,Fog,Night,Snow,Distracted,Slight Injury
Friday,46,Male,Primary,Lorry,0,30,Clear,Twilight,Dry,Distracted,Slight Injury
Wednesday,26,Female,Secondary,Automobile,3,30,Fog,Twilight,Ice,Distracted,Slight Injury
Saturday,69,Male,Primary,Taxi,3,30,Rain,Twilight,Snow,Weather,Slight Injury
Tuesday,55,Male,Illiterate,Bus,21,60,Clear,Daylight,Snow,Weather,Slight Injury
Friday,67,Female,Secondary,Taxi,25,70,Clear,Daylight,Dry,Overspeed,Serious Injury
Tuesday,23,Female,Illiterate,Automobile,24,80,Clear,Twilight,Snow,Fatigue,Serious Injury
Thursday,36,Female,Primary,Lorry,2,60,Clear,Daylight,Dry,Drunk Driving,Serious Injury
Monday,61,Male,Illiterate,Lorry,8,80,Clear,Daylight,Ice,Overspeed,Serious Injury
Saturday,28,Female,Tertiary,Bus,21,40,Clear,Daylight,Wet,Mechanical Failure,Slight Injury
Tuesday,19,Female,Primary,Taxi,22,100,Clear,Twilight,Dry,Weather,Serious Injury
Monday,64,Male,Tertiary,Motorcycle,11,50,Fog,Night,Wet,Overspeed,Serious Injury
Friday,61,Male,Illiterate,Taxi,9,70,Cloudy,Twilight,Snow,Fatigue,Serious Injury
Monday,61,Male,Tertiary,Automobile,1,40,Rain,Twilight,Dry,Mechanical Failure,Serious Injury
Saturday,26,Male,Primary,Motorcycle,10,60,Rain,Daylight,Ice,Overspeed,Serious Injury
Tuesday,38,Male,Tertiary,Lorry,9,50,Fog,Daylight,Dry,Fatigue,Slight Injury
Thursday,41,Female,Illiterate,Bus,29,100,Fog,Night,Dry,Fatigue,Serious Injury
Sunday,51,Female,Illiterate,Bus,21,40,Clear,Night,Dry,Weather,Slight Injury
Friday,39,Female,Illiterate,Lorry,5,100,Cloudy,Night,Wet,Drunk Driving,Serious Injury
Tuesday,20,Male,Primary,Automobile,17,100,Clear,Night,Wet,Overspeed,Fatal Injury
Saturday,29,Male,Illiterate,Lorry,1,80,Fog,Twilight,Snow,Fatigue,Fatal Injury
Friday,45,Male,Primary,Automobile,29,50,Clear,Night,Snow,Distracted,Slight Injury
Wednesday,47,Female,Tertiary,Motorcycle,1,80,Rain,Twilight,Snow,Fatigue,Fatal Injury
Monday,43,Female,Illiterate,Lorry,9,100,Rain,Daylight,Snow,Drunk Driving,Fatal Injury
Sunday,65,Male,Tertiary,Automobile,15,40,Clear,Night,Dry,Fatigue,Slight Injury
Saturday,38,Female,Secondary,Motorcycle,11,100,Cloudy,Daylight,Wet,Weather,Serious Injury
Wednesday,45,Male,Tertiary,Lorry,0,60,Clear,Daylight,Wet,Overspeed,Serious Injury
Tuesday,43,Female,Secondary,Bus,20,100,Clear,Twilight,Wet,Weather,Serious Injury
Thursday,50,Female,Tertiary,Lorry,7,80,Cloudy,Night,Wet,Overspeed,Serious Injury
Friday,38,Female,Primary,Taxi,15,50,Cloudy,Twilight,Snow,Mechanical Failure,Slight Injury
Monday,52,Male,Tertiary,Lorry,17,40,Cloudy,Daylight,Dry,Overspeed,Slight Injury
Friday,69,Female,Primary,Taxi,12,80,Rain,Night,Wet,Mechanical Failure,Serious Injury
Sunday,51,Female,Primary,Motorcycle,14,100,Clear,Daylight,Ice,Weather,Serious Injury
Tuesday,58,Male,Illiterate,Lorry,20,60,Fog,Daylight,Dry,Distracted,Slight Injury
Friday,68,Female,Primary,Motorcycle,11,70,Cloudy,Night,Ice,Drunk Driving,Serious Injury
Monday,64,Male,Secondary,Motorcycle,7,60,Cloudy,Night,Dry,Distracted,Slight Injury
Tuesday,35,Male,Illiterate,Automobile,9,100,Clear,Night,Dry,Mechanical Failure,Slight Injury
Friday,28,Male,Illiterate,Motorcycle,13,60,Fog,Twilight,Dry,Fatigue,Slight Injury
Thursday,40,Male,Tertiary,Motorcycle,4,70,Clear,Twilight,Ice,Fatigue,Serious Injury
Saturday,65,Male,Primary,Lorry,17,60,Clear,Daylight,Wet,Distracted,Slight Injury
Tuesday,39,Female,Primary,Lorry,18,70,Cloudy,Night,Wet,Fatigue,Serious Injury
Saturday,34,Male,Secondary,Bus,14,100,Cloudy,Daylight,Ice,Mechanical Failure,Serious Injury
Tuesday,22,Male,Tertiary,Automobile,5,70,Rain,Daylight,Wet,Weather,Serious Injury
Thursday,61,Male,Tertiary,Motorcycle,26,80,Fog,Daylight,Snow,Drunk Driving,Fatal Injury
Saturday,28,Male,Illiterate,Automobile,10,80,Fog,Daylight,Wet,Overspeed,Fatal Injury
Wednesday,47,Female,Illiterate,Taxi,20,70,Cloudy,Daylight,Snow,Mechanical Failure,Serious Injury
Monday,32,Male,Illiterate,Motorcycle,10,40,Cloudy,Night,Snow,Mechanical Failure,Slight Injury
Wednesday,44,Female,Secondary,Automobile,19,50,Cloudy,Twilight,Snow,Overspeed,Serious Injury
Friday,52,Male,Secondary,Bus,19,40,Fog,Night,Ice,Overspeed,Serious Injury
Thursday,50,Female,Illiterate,Bus,20,70,Rain,Night,Wet,Drunk Driving,Fatal Injury
Wednesday,37,Male,Tertiary,Motorcycle,17,50,Fog,Night,Wet,Drunk Driving,Serious Injury
Tuesday,33,Male,Secondary,Taxi,24,80,Cloudy,Twilight,Ice,Drunk Driving,Serious Injury
Friday,51,Female,Tertiary,Bus,17,50,Cloudy,Twilight,Ice,Fatigue,Slight Injury
Friday,19,Male,Tertiary,Bus,9,70,Rain,Twilight,Wet,Mechanical Failure,Serious Injury
Wednesday,52,Female,Primary,Taxi,1,80,Clear,Night,Ice,Weather,Serious Injury
Wednesday,57,Male,Illiterate,Automobile,25,50,Clear,Twilight,Ice,Overspeed,Serious Injury
Thursday,45,Female,Primary,Bus,29,50,Fog,Daylight,Snow,Mechanical Failure,Slight Injury
Monday,64,Male,Illiterate,Lorry,8,40,Clear,Twilight,Ice,Mechanical Failure,Slight Injury
Wednesday,56,Male,Illiterate,Bus,13,50,Clear,Night,Snow,Drunk Driving,Serious Injury
Sunday,23,Female,Tertiary,Automobile,18,100,Fog,Night,Dry,Drunk Driving,Fatal Injury
Wednesday,26,Male,Illiterate,Automobile,9,70,Cloudy,Daylight,Snow,Mechanical Failure,Serious Injury
Saturday,37,Male,Tertiary,Motorcycle,22,30,Clear,Twilight,Snow,Drunk Driving,Serious Injury
Tuesday,18,Male,Tertiary,Lorry,3,30,Cloudy,Twilight,Ice,Fatigue,Slight Injury
Sunday,25,Male,Illiterate,Automobile,28,30,Fog,Daylight,Wet,Overspeed,Serious Injury
Sunday,40,Male,Tertiary,Taxi,28,70,Cloudy,Night,Dry,Mechanical Failure,Slight Injury
Saturday,20,Male,Tertiary,Lorry,5,30,Cloudy,Night,Dry,Overspeed,Serious Injury
Saturday,21,Female,Tertiary,Lorry,13,40,Fog,Twilight,Dry,Fatigue,Slight Injury
Friday,42,Female,Secondary,Taxi,3,70,Cloudy,Twilight,Wet,Drunk Driving,Serious Injury
Monday,64,Female,Tertiary,Bus,25,100,Clear,Twilight,Dry,Distracted,Slight Injury
Tuesday,55,Male,Secondary,Taxi,14,80,Clear,Twilight,Dry,Fatigue,Slight Injury
Thursday,32,Female,Secondary,Taxi,15,100,Clear,Twilight,Wet,Distracted,Serious Injury
Sunday,38,Male,Tertiary,Bus,6,70,Clear,Night,Dry,Overspeed,Serious Injury
Thursday,52,Male,Tertiary,Bus,16,70,Cloudy,Night,Ice,Mechanical Failure,Serious Injury
Wednesday,63,Male,Secondary,Bus,18,50,Clear,Night,Ice,Drunk Driving,Serious Injury
Wednesday,69,Male,Secondary,Bus,28,50,Cloudy,Night,Snow,Fatigue,Slight Injury
Thursday,31,Female,Tertiary,Bus,18,50,Rain,Daylight,Snow,Drunk Driving,Serious Injury
Wednesday,53,Male,Tertiary,Taxi,16,60,Cloudy,Night,Snow,Distracted,Slight Injury
Monday,29,Female,Illiterate,Motorcycle,5,40,Clear,Daylight,Ice,Distracted,Slight Injury
Saturday,34,Male,Secondary,Motorcycle,28,70,Rain,Night,Ice,Weather,Serious Injury
Wednesday,56,Female,Secondary,Automobile,10,100,Fog,Twilight,Ice,Mechanical Failure,Serious Injury
Friday,26,Female,Illiterate,Motorcycle,15,70,Cloudy,Twilight,Snow,Distracted,Serious Injury
Wednesday,52,Female,Secondary,Motorcycle,29,50,Clear,Twilight,Snow,Mechanical Failure,Slight Injury
Tuesday,30,Female,Primary,Taxi,24,70,Clear,Daylight,Snow,Weather,Serious Injury
Monday,32,Female,Secondary,Bus,7,80,Clear,Night,Snow,Fatigue,Serious Injury
Tuesday,35,Female,Illiterate,Bus,10,70,Fog,Night,Snow,Weather,Serious Injury
Tuesday,68,Male,Primary,Taxi,6,100,Rain,Daylight,Snow,Mechanical Failure,Serious Injury
Friday,50,Female,Tertiary,Motorcycle,25,30,Rain,Daylight,Ice,Distracted,Slight Injury
Monday,23,Male,Illiterate,Taxi,23,80,Clear,Daylight,Wet,Overspeed,Fatal Injury
Monday,44,Female,Illiterate,Automobile,21,80,Cloudy,Daylight,Wet,Mechanical Failure,Serious Injury
Monday,40,Male,Tertiary,Bus,24,70,Clear,Daylight,Snow,Drunk Driving,Serious Injury
Monday,44,Female,Illiterate,Lorry,18,60,Clear,Twilight,Wet,Overspeed,Serious Injury
Monday,51,Female,Secondary,Automobile,25,50,Cloudy,Night,Wet,Mechanical Failure,Slight Injury
Friday,63,Male,Tertiary,Automobile,9,40,Clear,Daylight,Ice,Drunk Driving,Serious Injury
Wednesday,55,Female,Illiterate,Taxi,8,40,Fog,Twilight,Snow,Weather,Slight Injury
Tuesday,31,Female,Tertiary,Motorcycle,3,30,Clear,Daylight,Snow,Overspeed,Serious Injury
Monday,53,Female,Tertiary,Bus,22,40,Fog,Twilight,Wet,Mechanical Failure,Slight Injury
Sunday,25,Male,Tertiary,Lorry,14,40,Clear,Daylight,Snow,Fatigue,Slight Injury
Wednesday,52,Female,Primary,Automobile,12,50,Rain,Night,Snow,Weather,Slight Injury
Wednesday,36,Male,Illiterate,Lorry,24,50,Cloudy,Daylight,Snow,Drunk Driving,Serious Injury
Tuesday,47,Female,Primary,Motorcycle,1,60,Rain,Daylight,Snow,Fatigue,Serious Injury
Friday,31,Female,Illiterate,Motorcycle,1,100,Clear,Night,Wet,Distracted,Serious Injury
Thursday,37,Male,Secondary,Lorry,15,30,Clear,Night,Dry,Weather,Slight Injury
Thursday,66,Female,Secondary,Bus,8,40,Fog,Daylight,Wet,Weather,Slight Injury
Wednesday,42,Female,Secondary,Motorcycle,27,60,Clear,Night,Ice,Mechanical Failure,Slight Injury
Saturday,57,Male,Illiterate,Lorry,12,30,Clear,Night,Dry,Mechanical Failure,Slight Injury
Saturday,41,Female,Tertiary,Automobile,2,80,Clear,Twilight,Dry,Drunk Driving,Fatal Injury
Tuesday,31,Male,Tertiary,Lorry,8,40,Rain,Night,Dry,Weather,Slight Injury
Thursday,43,Male,Primary,Lorry,12,40,Fog,Night,Wet,Mechanical Failure,Slight Injury
Wednesday,55,Male,Primary,Taxi,20,50,Rain,Daylight,Ice,Distracted,Slight Injury
Friday,40,Female,Secondary,Motorcycle,21,70,Fog,Daylight,Wet,Mechanical Failure,Serious Injury
Thursday,39,Male,Primary,Bus,1,30,Rain,Twilight,Ice,Weather,Serious Injury